Cubify CubeX 3D Printer Double Head Print,-8879.9704284668
Lexmark MX611dhe Monochrome Laser Printer,-4589.97296142578
Cubify CubeX 3D Printer Triple Head Print,-3839.99047851563
Chromcraft Bull-Nose Wood Oval Conference Tables & Bases,-2876.11560821533
Bush Advantage Collection Racetrack Conference Table,-1934.39758300781
GBC DocuBind P400 Electric Binding System,-1878.16625976563
Cisco TelePresence System EX90 Videoconferencing Unit,-1811.07836914063
Martin Yale Chadless Opener Electric Letter Opener,-1299.18360137939
Balt Solid Wood Round Tables,-1201.05808258057
"Riverside Furniture Oval Coffee Table, Oval End Table, End Table with Drawer",-1147.39999961853
